word,fre
`besides,1
aaas,6
abandon,2
abandoned,1
abc,1
abdicate,1
abide,1
abiding,1
abilities,1
ability,10
able,5
abound,2
aboutface,2
abroad,2
abrupt,2
abruptly,1
absence,3
absolute,2
absolutist,1
abstract,1
abundant,3
abuzz,1
academia,1
academic,3
academics,1
academies,1
academy,3
accelerate,1
accept,6
acceptable,2
acceptance,4
accepted,5
accepting,2
access,13
accessed,1
accessibility,1
accessible,2
accident,2
accidentally,1
accidents,1
acclaim,1
acclaimed,1
accompanies,1
accompanying,1
accomplish,1
accomplishes,1
accord,1
according,49
account,3
accountability,1
accountable,2
accounting,3
accounts,6
accumulation,1
accuracy,2
accusation,1
accustomed,1
achieve,6
achieved,2
achievement,3
achievementbased,2
achievements,2
achievers,2
acknowledged,1
acknowledging,1
ackroyd,1
acquaintance,1
acquaintances,1
acquire,2
acquisition,1
across,9
act,14
acted,1
action,4
actions,6
activates,1
active,3
actively,1
activists,1
activities,2
activity,2
acts,5
actual,3
actually,5
ad,7
adapt,2
adaptable,1
adapted,1
adaptive,1
add,5
added,2
adding,4
addition,2
additional,3
additions,1
address,9
addressing,1
adds,4
adeline,1
adequate,1
adequately,2
adhere,1
adhered,1
adherence,1
adjust,1
adjusted,1
adjusting,1
adjustments,1
administering,1
administration,8
admirable,1
admired,1
admission,1
admissions,2
admitting,3
adolescents,1
adopt,1
adopted,1
adoption,1
adoptive,1
adornment,1
ads,8
adulthood,2
adults,4
advance,1
advanced,5
advances,1
advancing,1
advantage,7
advantages,1
advent,1
advertise,1
advertisements,3
advertisers,14
advertising,4
advice,1
advised,2
advises,1
advisory,1
advocated,2
advocates,4
aerial,2
aeroplane,1
affair,2
affairs,3
affect,4
affected,3
affecting,2
affiliations,1
affirm,1
affirming,1
afford,5
affordable,1
africa,1
afterward,1
ag,10
againsts,1
age,10
agencies,1
agenda,1
agendas,1
agents,1
agespecific,1
aggravate,1
aggravates,1
aggressiveness,1
aging,1
ago,10
agree,7
agreeable,1
agreed,5
agreement,2
agreements,1
agrotechnological,1
ahead,2
aim,4
aimed,3
aims,1
air,5
airborne,1
airline,3
airlines,2
airplanes,1
airport,1
airports,3
alan,1
alarmingly,1
albert,2
alerts,1
alex,1
alexander,1
alien,2
alike,2
alito,2
alive,1
allbut,1
allegations,1
alleged,1
allen,6
alleviated,1
alliance,1
allies,1
allocation,2
allotted,1
allow,10
allowance,6
allowed,7
allowing,2
allows,5
almost,7
alone,7
along,7
alongside,1
already,9
also,41
alter,2
alteration,1
altered,3
alternative,2
alternatives,1
although,8
alvarez,7
always,14
amateur,2
amazing,1
amazoncom,1
ambiguous,3
ambition,2
ambitions,1
amendment,3
america,27
american,32
americans,8
amiable,1
among,16
amount,4
amounts,1
amusing,1
analyses,1
analysis,12
analytically,1
analyze,2
analyzed,1
anatomy,1
ancestors,4
ancestorsnumbering,1
ancestral,1
ancestry,3
ancient,9
andorra,1
andy,2
anecdotal,1
angelina,1
animal,6
animals,5
aniston,2
annals,1
annette,1
announced,3
announcement,1
annoyed,1
annual,2
another,19
anshwer,3
answer,68
answering,1
answers,20
anthony,2
anthropologist,5
anthropologists,3
anthropology,6
antibribery,1
anticipate,2
anticipation,1
antipatent,1
antique,1
antismoking,1
antithetical,1
antonin,2
anxiety,1
anxious,3
anyone,6
anything,6
anytime,1
anyway,3
anywayperetti,1
anywhere,4
apart,4
apartment,1
apparent,3
apparently,4
appeal,2
appeals,1
appear,6
appeared,7
appearing,1
appears,3
appetites,1
apple,1
applicable,1
applicant,3
applicants,2
application,4
applications,2
applied,3
applies,2
apply,2
applying,2
appointed,1
appointment,4
appreciated,1
appreciation,5
appreciative,1
apprehension,1
approach,10
approachable,1
approached,1
appropriate,1
approval,7
approve,1
approved,1
approving,1
approximately,1
april,1
arabic,1
arbiters,1
arc,2
archaeological,6
archaeologist,2
archaeologists,8
architecture,2
archives,1
area,2
areas,6
argue,4
argued,5
argues,6
argument,8
arguments,1
arise,2
aristocratic,3
aristocrats,1
aristotle,2
arizona,9
armed,1
arms,1
army,1
arose,2
around,19
aroused,3
arousing,1
arrange,1
arranged,1
arrangement,2
arranging,3
array,1
arrest,3
arrestee,2
arrive,1
arrived,1
arrogant,1
art,1
arthur,1
article,4
articles,2
articulate,1
artifacts,1
artificial,2
artist,4
artistic,1
artloving,1
arts,6
ascribe,1
asia,1
aside,2
ask,3
asked,6
asking,2
asks,2
aspect,3
aspects,2
aspirations,1
aspiring,1
assemble,1
assert,1
asserted,1
asserting,1
assertion,1
assess,5
assessing,1
assessment,1
assessments,1
asset,5
assets,12
assigned,1
assimilation,1
assistant,3
associated,3
association,13
associationit,1
associations,4
assume,2
assumes,2
assumption,4
assurance,1
asteroid,1
astonishing,1
astronomers,3
astronomical,1
astronomy,7
atall,1
ate,1
atemporary,1
athens,2
atlantic,2
atmosphere,3
attached,1
attachment,1
attack,1
attaining,1
attempt,2
attempted,3
attempts,2
attend,1
attended,1
attention,18
attitude,15
attitudes,2
attorney,1
attract,4
attracted,3
attraction,1
attractions,1
attractive,4
attribute,1
attributed,2
auckland,1
audience,1
audiences,2
augmented,1
august,1
australia,2
australian,1
author,44
authorities,4
authority,5
authorization,1
authorized,3
authors,5
authorsing,1
autobiography,2
automobile,2
automotiveassembly,1
autopilot,1
availability,3
available,6
average,14
avery,1
avoid,9
avoided,1
avoiding,3
avon,1
await,1
awaken,1
award,1
awarded,1
awards,6
aware,3
awareness,3
away,6
awkward,1
azentgyorgyi,1
aztec,1
b,436
babies,4
baby,2
babycenter,1
babysize,1
bachelor,2
back,14
backdrop,1
backed,1
background,7
backgrounds,2
backloaded,1
backward,1
backyard,2
bacterial,1
bad,6
bags,1
baier,1
balance,3
baldassare,1
ban,3
band,1
bank,8
bankers,4
banking,2
banks,8
bans,2
bar,5
barber,1
barely,3
bargain,1
bargaining,1
bargains,1
barrier,2
based,14
basic,12
basis,5
basketball,2
battles,1
bay,2
bc,1
bear,1
bears,1
beat,1
beaumont,2
beautiful,1
beautifully,1
beautify,1
beauty,6
beavers,1
became,11
become,17
becomebut,1
becomes,7
becoming,3
bed,1
bedrock,1
beethoven,6
befriend,1
began,3
begin,6
beginning,3
beginnings,1
begun,3
behalf,1
behave,2
behavior,8
behavioral,1
behaviors,2
behaviour,1
behavioural,6
behind,8
beings,2
belgium,2
belief,4
beliefs,4
believe,14
believed,4
believes,9
belong,1
belonged,1
belonging,1
belongs,1
belts,1
beltwhat,1
beneath,1
benefactors,2
beneficial,1
benefit,7
benefited,1
benefits,14
bernard,1
beside,1
besides,4
best,28
bestknown,1
bestpractice,1
bestseller,1
bestsellers,1
betray,1
better,17
betterbehaved,1
bewildering,1
beyond,9
bias,1
biased,3
biases,1
bible,2
bicycles,1
big,12
bigcity,2
bigfirm,1
bigger,4
biggest,1
billboard,1
billion,6
billions,1
bills,1
bilski,3
bin,1
bind,1
bioeconomy,1
biographer,1
biological,5
biologically,2
biologist,1
biologists,1
biology,1
biomedical,1
biophiliaa,1
biostatistician,1
biotic,2
bipedal,1
bird,2
birds,4
birth,4
birthright,1
bit,1
bite,1
bizarre,1
black,1
blacking,2
blame,3
blamed,1
blaming,1
blank,12
blanks,7
bleak,1
bleaker,1
bless,1
blessing,1
blew,1
blocks,1
blog,1
blogged,1
blood,1
bloodlines,1
bloodstream,1
blue,1
blunder,1
board,9
boards,3
boas,4
bob,3
bodies,4
bodily,2
body,10
bonding,1
bone,1
boneshowing,1
book,13
booking,2
books,6
boom,1
boost,2
boosting,2
boot,1
borders,1
born,5
borne,1
borrow,1
boson,2
boston,1
bother,1
bothered,1
bottom,2
bought,2
boulez,1
bound,2
boundaries,1
box,2
boxes,3
boy,1
boycott,1
boycotting,1
boys,1
boz,2
brain,9
brains,2
brand,1
branding,1
brands,2
bravery,1
breadth,1
break,1
breaking,2
breaks,4
breakthrough,1
breast,1
breath,1
brendon,2
brexit,2
bribery,1
bride,1
brief,1
briefly,10
briefs,1
bright,2
bring,8
brings,2
britain,10
british,13
britney,1
britons,1
broad,3
broadcasting,1
broader,4
broadernorms,1
broadest,1
broadly,1
broken,1
brooklyn,1
brooks,3
brought,9
brownpaper,1
browser,1
browsers,1
bruising,1
buddhist,1
budding,1
budget,1
budgets,1
build,5
building,4
buildings,1
built,2
bulbs,1
bulid,1
bulk,1
bullock,2
bureaucratic,2
bureaucrats,1
buried,3
burn,1
burns,1
business,25
businesses,4
businessfriendly,1
businessmethod,11
butterfly,1
buy,8
buyer,1
buyers,3
buzzfeed,1
bypass,1
byproduct,1
c,426
ca,5
cafes,1
cake,1
calculated,1
calculating,1
california,8
call,5
called,7
calling,2
calls,7
calm,1
calories,1
cambodia,1
came,9
cameron,1
campaign,5
campaigns,1
campus,2
canal,1
cancer,1
candidate,3
candidates,1
candle,1
canon,1
capabilities,1
capable,5
capacity,8
capital,1
capitalism,1
capture,1
captured,1
car,2
cardus,3
care,5
cared,1
career,2
careers,2
careful,2
carefully,14
carey,1
carl,1
carlos,4
carnegie,2
carolina,1
carried,3
carrier,1
carriers,1
carries,1
carry,6
carryon,1
carter,2
carved,1
cascade,1
cascadesthe,1
case,21
casebefore,1
cased,1
cases,5
cast,1
casting,1
casual,3
cat,1
catch,2
catchingup,1
categories,4
category,4
catered,1
catering,1
caters,1
catoons,1
caught,2
cause,4
caused,2
causes,3
causing,1
caution,2
cautious,2
cautiousness,2
ccpoa,1
cd,2
ceased,1
ceases,1
celebrate,1
celebrated,1
celebrates,1
celebrities,3
celebrity,6
cell,1
cellphone,1
cells,2
cement,1
center,1
centered,1
centers,1
central,4
centuries,2
century,15
ceo,7
ceos,3
ceremonial,1
ceremonies,1
ceremony,1
certain,13
certainly,2
cfw,1
chains,1
chairman,2
challenge,9
challenged,1
challenges,10
chamberlain,2
chance,8
chancellor,3
chances,2
change,36
changeable,1
changed,15
changes,15
changing,4
channel,2
channels,1
chaos,1
character,7
characteristic,1
characteristics,4
characterizations,1
characterized,4
characters,2
charge,4
charles,7
charlie,1
charter,3
chatter,1
chauvinistic,1
cheap,1
check,9
checkedbaggage,1
checks,3
chemical,1
chemicals,5
cherish,1
cherrytreechopping,1
chicago,2
chief,8
chiefs,1
child,9
childbirth,1
childhood,1
childless,3
children,15
chinese,9
chineseyour,1
choice,4
choices,6
chomsky,2
choose,18
choosing,17
chosen,5
chrome,1
chromosome,1
chronic,2
chronicle,1
chumlea,1
church,2
churched,1
churchimportant,1
cigarettes,1
cigars,1
circle,1
circuit,6
circulation,4
circumstances,8
cite,1
cited,3
cities,1
citigroup,1
citing,1
citizenry,1
citizens,4
citizenship,1
city,12
civil,5
civility,1
civilization,1
claim,8
claimant,1
claimants,2
claimed,5
claiming,2
claims,10
claire,1
clamp,1
clarence,1
clarify,1
clarity,2
class,3
classical,7
classicalmusic,4
classmates,1
clause,1
clean,3
cleaning,1
clear,9
clearer,1
clearly,10
clears,1
clergyman,1
clerk,1
click,1
clients,4
climate,5
climbing,1
cline,6
cling,1
clip,1
cloaking,1
clock,2
clocked,1
close,5
closely,2
closer,1
closest,5
clothes,1
clothesand,1
clothing,1
cloud,3
club,5
clubs,1
clues,2
clumplike,1
coaches,1
coast,2
coats,1
cochran,2
code,3
codependencies,1
coexistence,1
cognitive,3
cohen,1
coherent,5
coinciding,1
cold,3
colds,1
collaborative,3
collaboratively,1
collapse,1
collapsed,2
collapses,1
colleagues,4
collect,2
collected,2
collecting,2
collection,6
collections,2
collective,6
college,5
colleges,2
colonial,2
colonies,2
colonists,1
color,1
colorful,1
colors,1
columbia,1
combat,2
combative,1
combed,1
combine,1
combined,3
combines,2
come,15
comes,5
comfort,1
comic,2
coming,5
commands,1
comment,1
commenting,1
comments,13
commercial,6
commercials,1
commission,5
commissioner,1
commit,1
commitment,1
commitments,2
committing,1
commodities,1
common,16
commonalities,1
commonly,2
commonness,2
commons,1
communicate,1
communication,3
communications,1
communities,1
community,16
compact,1
companies,15
company,18
comparable,1
comparative,1
comparatively,2
compare,3
compared,10
compares,1
comparison,2
compelling,1
compensating,1
compensatory,1
compete,2
competence,1
competing,1
competition,5
competitive,5
competitors,2
complain,2
complained,1
complaint,1
complaints,2
complementary,1
complete,4
completely,3
completes,1
complex,7
complexes,1
complexity,2
complicated,2
complied,1
complies,2
comply,1
component,1
compose,1
composers,1
compositions,5
composure,2
comprehend,1
comprehension,12
comprehensive,2
compromise,1
compromised,2
compromises,3
computer,9
computers,2
computing,1
concealed,1
conceivably,1
conceive,1
conceived,1
concentrate,1
concept,3
conception,1
conceptions,2
concepts,1
concern,5
concerned,3
concerns,6
concernsdebates,1
concert,1
concertgoers,2
concerts,1
concessions,1
concisely,1
conclude,2
concluded,3
concludes,3
concluding,4
conclusions,1
concrete,3
concreted,1
condemning,1
condition,6
conditional,2
conditioned,1
conditioning,1
conditions,6
conduct,7
conducted,2
conducting,2
conductor,2
conductors,1
conference,1
confide,1
confidence,2
confident,2
confirm,2
confirmation,1
conflict,4
conflicted,2
conflicts,1
confront,1
confrontation,1
confronted,1
confronting,1
confuse,1
confusing,2
confusion,1
congress,11
congressional,2
conjunction,1
connect,1
connected,2
connection,1
connections,5
connects,1
connotation,1
conscience,1
conscious,6
consciously,1
consequence,2
consequences,7
consequently,3
conservation,4
conservative,5
conservatives,2
consider,8
considerable,4
considerably,2
considerate。,1
consideration,1
considerations,1
considered,6
considering,5
considers,2
consist,1
consisted,1
consistent,2
consistently,2
consolidated,1
conspiracy,1
conspiring,1
constant,3
constantly,2
constituent,1
constituents,2
constitution,11
constitutional,4
constitutionality,1
constrain,1
constrained,1
constraints,3
constraintsreaders,1
constructed,1
construction,4
constructions,1
constructs,1
consultant,1
consume,1
consumed,1
consumer,2
consumeractivist,1
consumers,17
consumes,1
consuming,1
consumption,6
contact,4
contain,2
contained,1
contains,1
contempt,1
contemptible,1
contemptuous,2
contends,1
content,4
contention,1
contents,7
contest,2
contested,1
context,5
contextual,1
continent,2
continually,1
continuance,1
continue,6
continued,3
continues,1
continuing,3
continuity,1
continuous,1
contract,1
contracted,1
contracts,1
contradicted,1
contrary,3
contrast,3
contribute,2
contributed,1
contributes,2
contributing,3
contribution,2
contributions,1
contributory,1
control,9
controllable,1
controlled,2
controlling,2
controls,1
controversial,3
controversies,1
controversy,3
convention,1
conventional,4
conventions,1
conversation,1
conversely,1
convert,1
converted,1
converys,1
convey,1
conveyed,2
convicting,1
conviction,2
convinced,2
convincing,4
convincingly,1
cook,1
cooling,1
cooperate,2
cooperating,1
cooperation,1
coordination,1
copan,2
cope,2
coping,2
copy,2
copyright,1
core,2
corporate,1
corporation,1
correct,2
corrections,1
correctly,4
correspondence,1
correspondences,1
corresponds,1
corruption,5
corruptive,1
cosmos,1
cost,5
costly,1
costs,9
cote,1
cotton,1
could,44
coulson,2
council,1
councils,1
count,1
counted,1
counterbalances,1
countere,1
counterparts,3
counting,1
countries,21
country,9
countryside,2
countrysidealongside,1
counts,1
couple,3
couples,2
courage,3
courageous,2
course,6
courses,1
court,36
courts,1
courtship,1
cousins,2
cover,4
coverage,1
covered,4
cowgill,1
crabbed,1
cracking,1
craft,2
crafted,1
crafting,1
crafts,1
crash,2
create,11
created,7
creates,1
creating,3
creation,4
creations,1
creative,6
creativity,2
creatures,2
credibility,6
credible,3
credit,1
crescendo,1
crete,1
cricket,1
cried,1
crime,3
criminal,2
crisis,8
criteria,2
criterion,1
critic,4
critical,4
criticism,16
criticize,1
criticizeacademic,1
criticizes,2
critics,8
critique,2
crops,2
crosscutting,1
crossed,1
crouch,1
crown,1
crucial,4
crude,1
cruelty,1
cry,1
cues,1
cultivate,1
cultivation,1
cultural,11
culture,28
cultureknown,1
cultures,4
cunning,1
curb,2
curbs,1
cure,8
curiosity,3
curious,2
current,8
currently,1
curricula,1
curriculum,1
cursory,1
curve,1
customer,2
customers,7
customs,2
cut,6
cute,1
cutting,1
cv,1
cycles,1
cyclic,1
daa,1
dad,1
dailies,2
daily,5
damage,1
damaged,3
damages,1
damaging,2
dampen,1
dams,1
dance,1
dane,4
danger,1
dangerous,1
dangerously,1
danish,2
dare,3
darkness,1
darwin,3
darwinian,1
darwinism,1
data,15
database,2
databases,1
date,2
dating,1
daughter,1
david,5
dawn,1
dawna,1
day,10
dayjobs,1
days,13
daytoday,1
dazzlingly,1
dead,1
deal,5
dealers,1
dealexcept,1
dealing,3
dealings,1
deals,3
dealsays,1
dealt,1
dearth,3
death,3
debate,1
debates,1
debatesometime,1
debt,5
debts,3
decade,8
decades,5
decadesthe,1
december,1
deceptiveness,1
decide,6
decided,3
decider,1
decision,11
decisionmakers,1
decisions,8
decisive,1
decisiveness,1
decline,9
declining,1
decoration,1
decrease,1
decreases,1
decreasing,1
dedicated,1
deemed,3
deep,3
deeper,1
deepest,1
deeply,1
default,5
defeat,1
defeats,1
defence,1
defendants,2
defended,1
defense,1
defensible,1
defensive,1
deference,1
defied,2
define,5
defined,5
defines,1
defining,3
definitely,1
definition,1
degraded,1
degree,11
degrees,3
delay,1
delayed,1
delete,1
deleting,1
deletions,1
deliberate,1
deliberately,3
delicate,1
delight,3
delighted,1
deliver,1
delivers,1
delivery,1
demand,11
demanded,1
demanding,1
demands,4
democracies,1
democracy,1
democratic,2
democrats,3
demographic,1
demonstrate,2
demonstrated,1
demonstrates,1
demonstration,1
demoralization,1
denied,2
denmark,3
dennis,2
dense,2
density,1
dental,1
dentist,1
deny,2
departed,1
department,1
departments,1
departure,1
depend,3
depended,1
dependency,3
dependent,1
dependents,1
depending,2
depends,4
depression,1
deprived,3
depth,1
deputy,1
derided,1
derives,2
descendants,1
descended,1
describe,13
described,8
describes,2
describing,1
description,1
descriptions,1
deserve,3
deserves,1
deserving,1
design,3
designed,4
designers,1
desirable,1
desire,7
desk,1
desks,1
desperate,1
despite,9
destiny,1
destroyed,1
destruction,1
detached,1
detail,3
detailed,1
details,3
detect,1
detectors,1
deter,1
determine,3
determined,2
determining,1
devastating,1
develop,5
developed,5
developers,1
developing,7
developingmuch,1
development,20
developments,1
device,2
devices,1
devil,1
devoted,3
dichens,1
dicken,3
dickens,15
dictates,1
died,1
diego,1
dies,1
diet,1
dieting,3
differ,2
difference,7
differences,2
different,27
difficult,7
difficulty,5
diffuse,1
diffused,1
diffusionism,2
diffusionists,1
digg,1
digging,3
digital,8
digitalonly,1
dignity,1
digs,1
dilemma,1
diligent,1
dimensions,2
diminish,2
diminishes,1
diminishing,1
dimmed,1
dimmer,1
dinner,1
diplomacy,1
direct,3
directed,1
direction,2
directions,55
directions：,3
directious,1
directive,1
directly,7
director,2
dirtcheap,2
disagreed,1
disagrees,1
disappeared,2
disappearing,1
disappointed,1
disapproval,3
disassemble,1
disaster,1
disbelief,1
discarding,1
discernable,1
discernible,1
disciplinary,1
disciplined,1
disciplineoriented,1
disciplines,3
disclaimed,1
disconnected,1
discontinue,2
discourse,1
discover,2
discovered,6
discoverer,1
discoveries,4
discovering,1
discovery,19
discuss,1
discusses,3
discussion,1
disease,2
diseases,3
disgrace,2
dishonoring,1
disks,1
dismissed,2
disorders,2
disorganized,1
display,1
displays,2
displeasure,1
disposablemeant,1
disposition,1
dispositions,1
disproportionately,1
disputable,1
dispute,3
disregard,2
disrespect,1
disruptive,2
dissatisfaction,1
dissatisfactions,1
distance,1
distant,1
distaste,1
distasteful,1
distinction,1
distinctive,1
distinctively,1
distinctly,4
distinguish,1
distinguished,1
distort,1
distorted,2
distributed,2
distribution,5
district,1
disturbed,1
diverse,3
diversity,2
diverting,1
divided,1
divisions,1
divorce,1
divorced,1
divorces,1
dna,11
dnt,14
doctor,3
doctoral,4
doctors,1
doctrine,2
documents,1
dollars,1
domain,1
domestic,4
dominance,1
dominant,5
dominate,1
dominated,3
donahue,2
donated,1
donation,1
done,9
doom,1
doors,1
dormant,1
dose,3
doses,1
dothat,1
double,1
doubling,1
doubt,8
doubted,1
doubtful,2
doubtless,1
doubts,2
doug,1
downed,1
downgraded,1
download,3
downloading,6
downside,1
dozen,1
dr,8
draft,7
drag,1
dramatic,2
dramatically,2
draw,3
drawing,19
drawn,2
drawnout,1
draws,1
dream,1
dreams,1
dress,1
drink,6
drive,5
driven,2
driving,1
drop,3
dropped,1
drugs,1
drugstore,1
due,10
duly,1
dumb,1
duplication,1
durable,1
durkheim,2
dust,1
duster,1
dutchmen,1
duties,2
duty,2
dwarf,1
dwellers,1
dwellings,1
dyes,1
dynamics,7
e,13
eager,1
eagerness,3
earlier,5
early,15
earn,2
earned,7
earnestness,1
earnings,1
earns,1
easch,1
ease,2
easier,9
easily,8
easing,1
east,1
easy,4
eat,3
eating,2
ecologically,1
ecommerce,4
econometric,1
economic,34
economies,1
economists,3
economy,2
ecosystems,1
ed,1
editing,2
edition,3
editor,2
editorial,1
editorinchief,1
editors,8
educated,4
educating,1
education,49
educational,3
educations,1
educators,1
effect,14
effected,1
effective,4
effectively,6
effectiveness,1
effects,8
efficiency,2
efficient,2
effort,7
efforts,8
egregiously,1
egypt,3
egyptian,1
eighteenth,1
either,6
elaborate,1
elected,3
election,2
electoral,1
element,2
elements,3
elevation,1
eligible,2
eliminate,3
eliminated,1
eliot,1
elisabeth,2
elites,1
elitism,1
elizabeth,1
ellen,1
elliot,1
else,10
elsewhere,5
email,7
emails,1
embarking,1
embarrassing,2
embarrassment,1
embed,1
embodies,1
embodiment,1
embody,2
embrace,2
embraced,1
emerged,1
emerges,2
emerging,5
emigrated,1
emigrationone,1
emotion,1
emotional,2
emotions,2
emphasis,2
emphasize,3
emphasized,1
emphasizes,2
empirical,1
employ,2
employed,1
employer,1
enable,2
enabling,1
enacted,1
encounter,1
encourage,5
encouraged,1
encouragement,2
encourages,2
encouraging,1
end,23
endeavor,2
endeavors,2
ended,4
ending,1
endorse,1
endurance,1
endure,1
endured,1
enemies,1
energy,5
enforce,1
enforced,1
enforcement,8
enforces,1
engage,2
engaged,1
engagement,3
engaging,1
engine,1
engineer,1
engineered,2
engines,1
england,16
englanders,4
english,28
englishlanguage,2
englishmen,1
englishspeaking,1
engraved,1
engravings,1
enhance,4
enhanced,2
enhancement,1
enhances,1
enjoy,4
enjoyed,1
enjoyment,1
enlarged,1
enlarging,1
enlightening,3
enlist,1
enormous,3
enough,18
enraged,2
enroll,2
enrollment,1
enslavement,1
ensure,4
ensures,1
ensuring,2
entail,1
entered,1
entergy,12
entering,3
enterprise,1
entertaining,2
enthusiasm,3
enthusiastic,2
enthusiastically,1
entire,7
entirely,2
entities,1
entitled,2
entitlement,1
entrance,1
entrenched,1
entrepreneurs,4
envelope,1
enviable,1
environment,18
environmental,4
environmentfriendly,1
environmentincluding,1
environments,3
envisage,1
envisioned,2
envy,1
epidemic,2
epidemics,5
episodes,1
equal,6
equality,2
equally,1
equals,1
equation,1
equipment,2
equipped,1
equivalent,2
era,1
eradicate,1
erased,1
ernest,1
eroica,1
errand,1
erroneous,1
error,1
errors,4
erupted,1
escape,5
especially,15
essay,19
essays,1
essence,1
essential,7
essentially,2
establish,1
established,5
establishment,3
esteem,1
esteemed,1
estimate,1
estimated,1
etc,1
ethic,1
ethical,3
ethically,1
ethics,3
ethnic,1
ethnicity,1
eu,1
euroelections,1
europe,15
european,16
europeans,1
evade,3
evaluate,2
evaluation,2
evan,1
evans,1
eve,1
even,47
evening,1
event,2
events,4
eventually,5
eventurally,1
ever,7
everbright,1
everchanging,1
evergrowing,1
everlasting,1
evertougher,1
every,21
everybody,2
everyday,2
everyone,6
everything,4
everythinga,1
everywhere,1
evidence,13
evidencebased,1
evident,2
evil,1
evolution,12
evolutionary,3
evolved,2
evolving,1
exactlly,1
exactly,2
exaggerate,1
exaggerated,1
exam,4
examination,1
examined,3
examinedfrance,1
examing,1
examining,1
example,28
examples,1
excavation,1
excavations,2
excel,1
excellence,2
excellent,1
except,5
excepted,1
exception,2
exceptional,1
exceptions,1
excess,1
excessive,5
excessively,1
exchange,1
exchequer,1
excited,1
exciting,1
excluded,1
excludes,2
exclusionary,1
exclusive,2
exclusively,2
excuses,2
executive,3
executives,6
exemplify,1
exempt,1
exercise,8
exert,1
exhausts,1
exhibits,1
exist,3
existed,1
existence,4
existing,5
exists,2
exit,1
expand,2
expanding,2
expands,3
expansion,2
expect,4
expectation,2
expected,3
expects,1
expedited,1
expenses,2
expensive,4
experience,12
experiencea,1
experienced,3
experiences,6
experiment,3
experimentation,1
experimented,2
experiments,6
expert,1
experts,5
explain,13
explained,1
explaining,1
explains,5
explanation,2
explanations,1
explicatory,1
explicit,3
explicitly,2
exploit,2
exploitation,1
exploration,3
explorations,1
explore,4
explorer,2
explores,1
exploring,4
explosion,2
exports,1
exposed,8
exposure,1
express,5
expressed,5
expressing,1
expression,6
expressions,1
extend,2
extended,2
extension,3
extensive,1
extensively,1
extent,4
external,4
extra,9
extracted,2
extraction,1
extraordinarily,2
extraordinary,1
extravagant,1
extreme,2
extremely,1
eye,2
eyes,1
f,12
fabulous,1
face,6
faced,3
faces,1
facilitates,2
facilities,1
facing,3
fact,12
factor,3
factories,2
factors,10
factory,3
facts,2
faculty,1
fad,1
fade,1
fades,1
fading,1
fail,4
failed,7
failing,1
fails,5
failure,1
failures,1
faint,1
faintly,1
fair,6
fairly,3
fairness,3
faith,2
faithful,1
faithfulness,1
fake,1
fall,1
fallen,1
falling,1
false,1
falsehood,1
falsely,1
fame,2
familiar,3
families,6
family,14
famous,3
fan,1
fanshing,1
fantastic,1
fantasy,1
far,14
farmers,1
farming,1
faroff,1
farreaching,2
farther,1
fasb,4
fascination,1
fashion,21
fast,3
faster,2
fastfashion,3
fat,2
fatal,1
fate,1
father,9
fathered,1
fatherly,1
fathers,2
favor,6
favorable,1
favorite,2
favorites,1
favoritism,4
favors,1
favourably,1
favours,2
fear,6
feared,1
fearful,1
fearsome,1
fearsomely,1
feasible,1
feats,1
feature,4
features,5
february,1
federal,33
federalstate,1
feed,2
feedback,2
feel,10
feeling,2
feelings,1
feels,1
fees,3
feet,2
fell,2
fellow,1
felt,4
female,2
females,1
ferrari,1
fertilizers,1
festival,1
fetch,1
fetch。,1
feverish,2
fewer,4
fiction,3
field,1
fields,4
fiercer,1
fifths,1
fight,3
fighting,2
figure,2
figures,8
filer,1
files,1
filing,1
filings,1
fill,1
filled,2
filling,3
fills,1
film,1
filmmaking,1
films,1
filter,1
final,2
finally,3
finance,2
financial,12
financially,1
find,15
finding,7
findings,5
finds,4
fine,1
finegrained,1
finish,2
firm,5
firms,5
first,51
firsttimers,1
fish,1
fisheating,1
fisher,1
fist,1
fit,12
fitness,1
fits,1
fittest,1
fitting,1
five,5
fixed,1
flagged,2
flagship,1
flaw,2
flawed,3
flaws,1
fled,1
fleeting,1
flesh,1
flew,1
flexibility,5
flexible,2
flexibly,1
flies,1
flight,2
float,1
flourishing,1
flow,5
flowing,1
flows,1
flu,1
fluctuate,2
fluency,1
fly,1
flying,1
foals,1
focus,5
focused,2
focuses,1
focusing,2
fog,1
fold,1
folding,1
folk,2
folks,2
follow,7
followed,4
following,84
follows,5
fond,1
food,18
foot,1
force,5
forced,6
forces,1
forcesthe,1
forcing,2
forecast,1
forecasted,1
forecasts,1
foreign,3
foremost,1
foresee,1
foreseeable,2
foreshadows,1
foresight,1
foresightedane,1
forest,2
forested,1
foresters,1
forestry,1
forever,2
forget,2
forgetting,1
forgot,1
forgotten,1
form,12
formal,9
formally,1
format,1
formation,1
formed,3
former,6
formerly,2
formidable,1
forming,1
forms,6
formula,1
fors,1
forth,1
fortnightly,1
fortunate,1
fortunes,1
forty,1
forward,6
fossil,1
fosters,1
fought,1
found,16
foundation,3
foundations,1
founded,2
founders,3
founding,3
four,14
fourfold,1
fourth,5
fouryear,1
fowler,1
fraction,1
fragile,2
fragmented,2
fragments,1
frame,1
framers,1
frames,2
framework,2
france,4
franco,1
frank,1
franz,1
free,8
freed,2
freedom,6
freely,2
freethinking,1
french,4
frenchmen,1
frequent,4
frequently,4
fresh,1
friend,2
friends,13
fritz,1
frown,1
fruit,2
fruitfly,1
frustrated,1
frustration,1
frustrations,1
ftc,2
fuel,2
fulfill,3
fulfilling,2
fulfillment,2
fulfils,1
full,3
fuller,1
fully,5
function,7
functional,1
functionalismbecame,1
functioned,1
functioning,4
functions,2
fund,1
fundamental,9
fundamentally,1
funded,1
funding,9
funds,3
funeral,1
funny,2
furniture,1
furthermore,1
future,25
futurological,1
futurologists,1
g,10
gain,3
gained,3
gaining,2
gains,3
gains。,1
gallery,1
game,2
games,2
gap,1
gaping,1
gapsmark,1
garden,3
gardens,9
garment,2
garments,3
gate,1
gatekeepers,1
gateway,1
gatherers,1
gave,9
gdp,20
gender,3
genealogistsand,1
general,6
generalcirculation,1
generally,6
generate,4
generates,1
generating,1
generation,5
generations,6
generative,2
generous,4
genes,6
genetic,14
genetically,3
geneticist,1
genetics,1
genius,1
geniuses,1
genomewide,1
genre,1
gentleman,2
geographic,2
geographical,1
george,10
georgia,1
german,1
germanborn,1
germans,1
germany,3
get,24
gets,3
getting,11
giant,1
gift,3
gifted,1
giftgiver,1
giftgivers,1
gifts,3
gilbert,9
giovanni,2
girl,2
girls,2
give,17
given,10
gives,5
giving,5
giza,1
gladwell,1
glamorous,1
glamour,1
glance,2
glaring,1
glem,1
glenn,1
glimpse,1
global,11
globalization,1
globally,1
gloominess,1
glory,2
glowingly,1
glue,1
gmat,2
go,14
goal,6
goals,7
god,2
goes,6
going,10
gone,3
good,18
gooddrinking,1
goods,1
google,3
gordon,2
gorge,1
gossip,1
got,10
gotten,1
govemmentdefined,1
govern,1
governance,1
governed,2
governing,1
government,24
governmental,2
governmentfunded,2
governmentis,1
governments,4
governor,3
grace,1
graddol,3
gradual,4
gradually,3
graduate,3
graduates,4
grafton,1
graham,1
grammar,4
grammars,1
grammatical,1
grandparents,1
granny,1
grant,1
granted,2
granting,2
grants,2
grasp,3
grasping,1
grassroots,1
gratification,1
gratify,1
gratitude,1
gray,2
great,12
greater,7
greatest,3
greatgrandparents,1
greatgreatgrandparents,1
greatly,1
greece,3
greek,2
green,5
greenberg,1
greenbergian,1
gregory,1
grew,1
grocery,2
groom,1
ground,5
groundbreaking,1
grounding,1
groundless,1
grounds,1
group,14
groups,8
grow,3
growing,6
grown,2
grows,1
growth,15
guarantee,3
guarded,2
guardian,2
guardianship,1
guess,1
guidance,1
guide,1
guided,1
guidelines,1
guides,1
guiding,1
guildlike,2
guilty,3
gulf,1
gustav,1
h,3
habit,5
habits,11
habitsas,1
habitually,1
hack,1
hacked,1
hacking,8
hair,2
haircut,1
half,16
halfcentury,1
hall,1
hampered,1
hand,4
handed,1
handful,1
handle,2
handling,1
handsome,2
happen,4
happened,3
happening,1
happens,7
happily,1
happiness,5
happinessenhancing,1
happy,5
hard,11
hardens,1
hardest,2
hardline,1
hardly,2
harm,2
harmful,4
harmony,1
harold,1
hartford,1
harvard,5
hate,1
hawaii,3
hawaiian,7
hawaiians,5
hawked,1
hawthorne,4
haze,2
hazy,1
head,1
headhunter,1
headhunters,1
headlong,1
heads,2
headshots,1
headway,1
heal,1
heally,1
health,26
healthrelated,1
healthy,2
hear,4
heard,2
hearing,1
heart,9
heavens,2
heavily,1
heavy,1
hedging,1
height,12
heightening,1
held,3
helicopters,1
help,19
helped,3
helpful,2
helping,5
helps,4
hemings,3
hence,3
henry,1
herbert,1
herd,1
heritage,1
hero,1
herz,1
hesitancy,1
hidden,3
hide,1
hiding,1
hierarchical,1
higgs,2
high,16
higher,12
highest,1
highfashion,1
highlighted,2
highlights,2
highly,2
highpriced,1
highquality,2
hightechnology,1
hijack,1
hijacked,6
hill,2
him/her,1
hindrance,1
hint,1
hippocampus,1
hire,3
hired,2
historians,4
historical,6
history,26
historyand,1
historyswept,1
hit,2
hitherto,2
hitting,1
hivprevention,1
hoffa,3
hold,5
holders,3
holding,3
holds,8
hold。,1
holes,1
holidays,1
holiness,1
holisticyet,1
holy,1
home,6
homeless,4
homes,3
hominid,1
homo,1
honda,1
honduras,1
honor,1
honored,1
hooray,1
hope,2
hopeall,1
hoped,2
hopefully,1
hopelessly,1
hopes,1
hoping,1
hops,1
horeca：hotels,1
horizon,3
hormone,1
hormones,1
horrified,1
horses,1
hospital,1
host,4
hostage,1
hostile,1
hostility,4
hosting,1
hot,1
hotels,1
houghton,1
hourly,1
hours,3
hoursthis,1
house,4
household,1
households,1
housekeeper,1
houses,6
housing,2
houston,1
howard,1
however,30
hug,1
huge,4
hugely,1
hugging,4
hugs,3
human,27
humanities,10
humanity,13
humans,12
humbly,1
humiliating,1
humiliations,1
hundred,3
hundreds,4
hung,1
hunger,2
hungry,1
hunted,1
hunter,1
hunters,1
hurries,1
hurt,1
hurting,1
huxley,1
hybrids,1
hypotheses,1
iasb,5
ibm,1
idea,21
ideal,3
idealism,1
idealists,1
idealized,2
ideally,1
ideals,2
ideas,11
ideassuch,1
identified,7
identify,4
identifying,2
identigene,1
ideological,1
idioms,1
idle,1
ignore,6
ignored,3
ignores,2
ignoring,1
ii,7
iii,7
illegal,1
illegally,1
illiberal,2
illiquid,1
illiquidity,1
illiterate,1
ills,1
illuminate,1
illusion,2
illusory,1
illustrate,4
illustrated,1
illustrating,1
image,9
images,3
imagination,1
imagine,4
imagined,1
imagining,1
imitate,1
imitation,1
immediate,3
immigrants,1
immigrantsinformation,1
immigration,12
immoral,1
immune,3
immunity,1
impact,14
impairing,1
impartial,2
impelled,1
imperative,1
imperfect,1
impinging,2
implement,2
implemented,1
implication,1
implications,3
implicit,2
implicitly,1
implies,2
import,1
importance,9
important,17
importantly,2
imposed,1
impossibility,1
impossible,2
impression,1
impressions,1
impressive,2
imprisoned,1
imprisonment,1
improve,15
improved,4
improvement,3
improvements,2
improves,1
improving,5
impulse,2
impulsive,1
inability,1
inadequate,2
inarticulate,1
inberent,1
incentive,1
inch,1
inches,1
incidence,1
incidental,1
incite,1
inclination,2
inclinations,1
include,5
included,4
including,14
inclusive,1
income,6
incompatible,1
incomplete,1
inconclusive,1
incorrect,1
incorrectly,1
increase,10
increased,11
increases,1
increasing,6
increasingly,8
increating,1
incredible,2
incurred,1
indeed,1
indefensible,1
indefinite,1
indefinitely,1
independence,3
independent,4
independently,2
indepth,1
index,1
indicate,4
indicated,2
indicates,2
indicating,1
indicator,1
indicators,2
indictment,2
indies,1
indifference,3
indifferent,1
indirect,1
indirectly,1
individual,17
individuals,4
indulge,1
indulgence,1
indulgent,1
indulges,1
industrial,3
industriousness,1
industry,16
ineffectiveness,1
inequalities,1
inequality,2
inescapably,1
inevitable,5
inevitably,2
inexorable,1
inexpressible,1
infancy,2
infants,1
infections,2
infer,3
inference,1
inferences,1
inferior,2
inferiority,1
inferred,11
inflating,1
inflation,2
influence,27
influenced,7
influenceeven,1
influences,5
influencing,1
influential,7
influentials,11
inform,1
informa,1
information,26
informed,2
infrastructure,3
infuriating,1
ingrain,1
inhabitants,1
inherent,3
inherently,1
inherited,4
inheritor,1
initial,4
initially,1
initiated,1
initiation,1
initiative,1
initiator,1
injurious,1
ink,1
innate,2
inner,1
innocent,3
innovation,7
innovational,1
innovations,4
innovative,3
innovatively,1
innovativeness,2
innovator,1
inquired,1
inquiry,2
insects,1
insensitivity,1
inside,1
insightful,1
insignificant,1
insist,2
insisted,2
insistence,1
insists,1
inspection,2
inspire,2
inspired,3
inspires,1
installment,1
installments,1
instance,5
instances,1
instant,1
instantly,1
instead,25
insteadthe,1
instilling,1
instinct,2
institute,1
institution,10
institutional,3
institutions,2
instructed,1
instructionsnor,1
instrument,1
instrumentalists,1
insulted,1
insurance,2
insure,1
intangible,1
integrate,2
integrated,2
integrity,5
intellect,2
intellectual,17
intellectualproperty,1
intelligence,9
intelligent,3
intended,15
intends,3
intense,2
intensifies,1
intensity,1
intent,1
intention,2
intentionally,1
intently,1
interact,1
interaction,2
interactions,1
interest,7
interested,3
interesting,5
interests,5
internal,4
international,17
internationally,1
internationals,1
internet,9
internetbased,1
interpersonal,4
interplay,1
interpret,4
interpretation,4
interpretations,1
intervention,1
interview,1
interviewees,1
interviewers,1
interviews,1
intimacy,1
intimately,1
intricacies,2
intrinsic,2
introduce,1
introduced,6
introduces,1
introducing,2
introduction,2
introductory,1
intruded,1
intrusion,1
intrusiveness,1
intuitive,1
intuitively,1
invalid,1
invalidate,2
invent,1
invented,1
invention,2
inventions,3
inventor,1
inventory,1
inverted,1
invest,2
invested,1
investigate,1
investigates,1
investigation,2
investigators,1
investment,4
investments,1
investors,2
invisible,2
invitation,1
invite,1
invited,1
inviting,2
involve,3
involved,3
involvement,1
involves,4
involving,1
ioannidis,1
iq,1
iqwise,1
irishmen,1
ironically,1
irregular,1
irregularly,1
irrelevant,1
irreproducibility,1
island,3
islands,1
isolated,1
isolates,1
isolation,1
issue,9
issued,4
issues,14
italy,2
items,2
itunes,1
ityou,1
iucn,2
iv,1
j,2
james,3
japan,2
japanese,5
jaw,1
jcrew,1
jefferson,7
jennifer,4
jimmy,2
joah,1
job,15
jobcentre,3
jobless,1
jobs,4
jobseeker,3
jobseekers,4
jobtraining,1
jogging,1
john,9
johnson,2
join,3
joined,2
joins,1
joint,2
joseph,1
joshua,1
journal,15
journalism,7
journalistic,3
journalists,5
journals,12
journey,1
journeyed,1
joy,1
joyful,1
juan,2
judge,3
judges,4
judgment,2
judgments,3
judiciary,1
jump,4
jumped,2
junk,1
jury,1
justice,9
justices,16
justicesamuel,1
justification,2
justified,3
justifies,2
justreleased,1
kate,1
kea,12
keep,14
keeping,4
keeps,4
kennedy,6
kept,3
kerr,2
key,6
keyboard,1
keys,1
keywords,2
kid,3
kids,2
kill,2
killing,1
kin,1
kind,10
kindness,1
kinds,10
king,2
kingdom,3
kingdoms,1
kings,4
kinship,4
kit,1
kits,1
kittenkilling,1
kneejerk,1
knew,4
knighted,1
knit,1
knocked,2
knossos,1
knossós,1
know,13
knowing,2
knowledge,13
knowledgeable,1
known,12
knows,4
korn/ferry,1
lab,1
labels,3
labor,9
laboratories,1
laboratory,2
labour,3
labs,1
lack,6
lacking,1
lame,1
lameness,1
lancet,1
land,6
landed,1
landits,1
landscape,1
landscapes,3
lanes,3
language,14
languageacquisition,1
languages,9
laptop,1
large,14
largely,10
larger,7
largest,2
last,34
lasted,2
lasting,4
late,7
lately,1
later,13
latest,1
latter,2
laugh,3
laughing,2
laughter,6
launched,3
laureate,1
law,31
lawfirm,1
lawmakers,1
laws,9
lawschool,2
lawyer,6
lawyers,12
layout,1
laziness,2
lead,3
leader,3
leaders,8
leading,8
leads,2
leagues,1
leakage,1
leaking,1
lean,1
learn,13
learned,11
learning,6
least,18
leave,6
leaves,3
leaving,4
led,5
left,9
leftliberal,1
leftofcentre,1
legacy,4
legal,17
legally,1
legislation,1
legislative,1
legislature,2
legitimacy,4
legitimate,7
leisure,1
lengel,2
length,2
lengthy,1
leonard,1
less,21
lesson,5
lest,3
let,4
leter,1
letter,7
letters,2
letting,1
level,5
levels,2
lewis,1
li,7
liam,1
liberal,14
liberalarts,2
liberalizing,1
liberals,1
liberated,1
liberty,1
liberum,1
librarian,1
library,1
license,2
lie,2
lies,3
life,34
lifeassuming,1
lifeenriching,1
lifestyle,7
lifetime,1
lifetimes,1
lift,1
lifting,1
light,3
lighter,1
lighting,5
lightly,1
like,34
likeability,1
likely,22
likewise,3
liliuokalani,2
limbs,1
limit,7
limitations,2
limited,9
limits,2
line,18
lineage,1
linecline,1
lined,1
linedrawing,1
lines,5
linguistic,1
linguistics,1
linked,1
linkedin,1
links,2
liodice,2
lips,1
lire,1
list,10
listed,2
listener,1
literacy,2
literally,1
literary,2
literate,1
literature,2
little,21
live,12
lived,4
lives,13
living,7
loads,1
lobby,4
lobbying,3
local,8
locals,1
locate,3
located,3
location,1
logic,1
logicality,1
london,5
lone,1
long,29
longer,12
longlasting,1
longstanding,1
longterm,3
look,20
looking,7
looks,5
looming,2
lopsided,1
lose,4
losing,6
loss,5
losses,7
lost,5
lot,7
louis,1
louisiana,1
love,4
lovelife,2
low,3
lower,4
lowwage,1
loyal,4
loyalty,1
lucky,1
lucrative,1
lumber,1
lump,1
luxuries,1
luxury,1
lynch,3
machine,3
machines,2
made,25
madonnaandchild,1
magazine,3
magazines,3
magic,1
magical,1
magneticfield,1
magnificent,1
magnified,1
mahler,1
mail,2
main,5
maine,1
mainly,6
maintain,4
maintaining,1
maintains,1
majestic,1
major,17
majority,4
make,42
makes,13
making,21
malcolm,1
male,1
males,2
mammals,1
man,9
manage,1
manageable,1
managed,1
management,5
managerial,1
managers,6
managing,1
manchester,1
mandarin,1
mandatory,1
manipulating,1
mankind,2
manner,2
manuscript,1
manuscripts,1
many,60
map,1
mapped,1
mapping,1
maps,2
march,2
marcia,1
margin,1
marginalized,1
margins,2
marine,1
mark,30
marked,3
markedly,1
marker,1
market,13
marketer,2
marketers,5
marketing,4
marketplace,1
markets,10
marking,1
markova,3
marram,1
marriage,3
married,2
marrying,1
marvel,1
marvels,1
masks,1
mass,5
massachusetts,3
massive,2
massmarket,3
massproduced,1
master,3
masterpieces,1
matched,1
matchmakera,1
material,9
materials,2
mathematical,1
mathematics,1
matter,15
mattered,1
matters,1
mature,2
mauna,12
maximums,1
may,75
maya,1
maybe,1
mba,1
mccreevy,2
mcdonnell,6
mcgee,5
mcnutt,3
meadows,1
mean,6
meaning,18
meaningful,4
meanings,3
means,13
meant,1
meantime,1
meanwhile,4
measurable,1
measure,4
measured,3
measures,10
measuring,1
mechanical,2
mechanism,3
mechanisms,1
mechanismthat,1
media,34
medical,6
medicine,2
mediterranean,1
medium,1
meet,2
meeting,2
meetings,2
meets,1
megaliths,1
mellon,1
member,1
members,12
membership,2
memory,5
men,18
menand,6
mend,1
mental,15
mentally,1
mention,1
mentioned,1
mentioning,1
mercilessly,1
mere,1
merely,4
merit,2
merrill,1
meryl,1
mesns,1
message,5
met,3
metal,1
metallurgy,1
metaphysical,2
meter,1
method,4
methodology,1
methods,2
mexican,1
mexico,4
michael,1
microsoft,5
middle,2
midst,1
might,25
migrating,1
mile,1
miliband,1
military,3
millennials,1
millennium,1
million,7
millions,2
mind,16
minded,1
mindlessly,1
minds,1
mindset,1
ming,7
minimal,2
minimize,1
minimized,1
mining,2
miniskirt,1
ministers,4
minoan,1
minor,1
minority,1
minutes,1
miranda,1
mischievous,1
misconception,1
miserable,1
misery,1
misinterpretation,1
misinterpreted,2
mislead,1
misleading,3
misplaced,2
miss,1
missed,1
misses,1
missing,1
missions,2
missouri,1
mistake,1
mistakes,2
misunderstood,1
misuse,1
mitochondrial,1
mixed,1
moan,1
mobile,4
mobilize,1
mocked,2
mode,4
model,4
models,10
moderate,3
modern,8
modes,2
modest,5
modesty,1
modification,2
modified,1
modifies,1
modify,1
modifying,1
mom,2
moment,6
moments,3
momenttomoment,1
moms,3
momtobe,1
monarch,1
monarchies,3
monarchinfested,1
monarchs,4
monarchy,4
monday,2
mondaya,1
money,9
monoglot,1
monopoly,1
month,1
monthly,2
months,3
mood,2
moods,1
moral,10
moralist,1
moreover,6
morgan,2
mornandpop,1
mostly,3
mother,5
mothers,3
motion,1
motivate,1
motivated,3
motivations,1
motive,1
motives,3
motor,2
mountain,1
mounts,1
mournful,1
mouth,1
mouthpieces,1
mouths,1
move,9
movement,2
moves,1
movies,1
moving,1
mr,6
ms,3
much,45
mulcaire,2
multilingual,1
murdoch,1
muscle,2
muscles,3
muscular,1
museums,1
music,26
musical,1
musician,1
musicians,2
must,29
mutualfund,1
mycenaean,1
myth,2
n,4
name,17
named,3
names,1
narrative,1
narrow,1
narrowed,1
nasty,2
natick,1
nation,5
national,17
nationally,1
nations,2
native,1
natural,8
naturalist,1
naturalization,1
nature,15
naval,1
navigate,1
navy,1
nba,6
near,6
nearby,1
nearly,3
neatly,18
necessarily,4
necessary,10
necessity,3
need,25
needed,5
needs,5
negative,6
neglect,4
neglected,1
negotiations,1
neighborhoods,1
neither,1
nervous,3
nests,1
net,2
network,2
networked,4
networks,3
networksis,1
neuroscientists,1
never,14
nevertheless,1
neville,1
new,78
newblown,1
newborn,1
newbuild,1
newly,7
newlyarrived,1
newlyenrolled,1
newlyweds,1
newman,3
news,9
newsearch,1
newspaper,6
newspaperprinting,1
newspapers,10
newsprint,2
newsroom,1
newsstands,2
newton,1
next,10
nhs,2
nicely,1
nicholas,1
nickleby,1
nightmare,1
nine,2
ninety,1
nissan,1
noam,1
nobel,4
nobels,3
nobility,2
nobody,2
nod,1
nonamericans,1
noncelebrating,1
noncommercial,1
noncontroversial,3
nondurable,1
none,2
noneconomic,1
nonenglish,1
nonetheless,1
nonhuman,1
nonlawyers,2
nonpolitical,1
nonprofessionals,1
nonprofit,2
nonspecialist,1
norm,2
normal,3
normally,1
norms,2
north,3
northwestern,1
nose,1
nostalgia,1
notably,1
note,2
noted,4
notes,7
nothing,7
notice,3
noticeuse,1
noticing,1
noting,1
novel,6
novelist,1
novels,2
novelty,2
nowadays,1
nowhere,1
nrc,2
nt,52
nuclear,10
nuisancelawsuit,1
number,15
numbered,21
numbers,2
numerous,1
nutrients,1
nutrition,1
obama,2
object,1
objecting,1
objection,3
objective,5
objectiveness,1
objectivity,1
objects,4
obligations,1
oblige,1
obliged,2
obscssed,1
obscure,4
obscuring,2
observablefor,1
observation,1
observations,1
observatory,1
observe,4
observed,2
observer,2
observers,2
observes,1
observing,2
obsessed,2
obsession,1
obstacle,1
obtain,4
obvious,3
obviously,4
occasions,1
occupation,1
occupied,1
occur,1
occurred,1
occurrences,1
occurs,3
ocean,1
octavia,1
od,1
odd,2
odds,1
oecd,4
offer,8
offered,2
offering,1
offers,5
office,2
officer,2
officers,3
offices,2
official,9
officially,1
officials,8
offplanbuilding,1
often,23
ohare,1
ok,3
old,14
oldare,1
oldest,1
olduvai,1
oldworld,1
oliver,2
olympic,2
omnivore,1
one,112
oneclick,1
onerous,1
ones,11
oneseditor,1
oneself,1
oneshot,1
onesspread,1
oneway,1
online,16
onlineonly,1
onto,2
ontrend,1
open,3
openaccess,4
opened,1
opening,1
opera,1
operant,1
operate,1
operating,2
operation,1
operational,1
operators,1
opinion,3
opinions,1
opponents,1
opportunities,5
opportunity,5
oppose,1
opposed,3
opposing,3
opposite,3
opposition,3
oppression,1
oprah,1
optimism,1
optimistic,1
option,2
options,2
orchestra,3
orchestral,1
order,14
ordering,1
ordinary,1
organisations,1
organism,1
organization,6
organizations,5
organize,2
organs,1
origin,4
original,2
originally,2
originated,4
originates,1
origins,1
orin,2
ornament,1
ornate,1
orphan,1
osborne,4
osborneland,1
osboyne,1
ot,1
others,28
otherwise,5
ought,3
outcome,1
outcomes,1
outdated,3
outer,1
outgrown,1
outline,2
outlines,1
outlook,1
outoftown,1
output,4
outrage,1
outside,9
outsiders,2
outsize,1
outsourcing,1
outweighs,1
ovaries,1
overall,8
overcame,1
overcome,1
overcrowded,1
overdressed,3
overdue,1
overestimate,1
overestimated,1
overlapping,2
overly,1
overpack,1
overpaying,1
overruling,1
overseas,1
overshadowed,1
oversize,1
overstate,1
overstepped,1
overthecounter,1
overturned,4
overvalued,1
owes,1
owing,1
owned,5
owner,1
owners,1
ownership,4
owning,1
oxygen,1
oxytocin,2
p,4
pace,3
pacific,1
packets,1
page,2
pageincluding,1
pages,4
paid,9
pain,1
painful,2
paintbrush,1
paintings,1
pairing,1
pairs,1
palace,1
palm,1
panel,2
panorama,1
pants,1
paper,15
papers,11
para,10
paradox,1
paradoxes,1
paradoxical,1
paragraph,67
paragraphs,23
parallel,5
paralysis,1
paraphrase,1
parentchild,1
parenthood,2
parents,12
parkrun,2
parks,1
parliament,2
parmigiani,2
part,66
parthenon,1
partial,1
partially,1
participants,1
participation,1
particular,10
particularism,3
particularist,1
particularly,5
parties,3
partly,5
partner,3
partners,1
parts,5
party,5
pass,2
passage,1
passed,4
passenger,1
passengers,3
passing,3
passion,1
passionate,5
passive,4
past,11
pasttense,1
patchwork,2
patent,8
patented,2
patents,14
paternal,2
paternity,2
path,1
paths,1
pathway,1
pathways,1
patience,2
patrolled,1
pattern,6
patterning,1
patterns,4
pay,17
paycheck,4
paychecks,1
paying,1
payment,2
payments,2
peace,2
peaceful,1
peak,3
peculiar,5
peer,15
peerreview,4
peerreviewed,2
peerreviewled,2
peers,4
pen,2
pencils,1
pending,1
pennsylvania,1
pensions,2
people,78
peoples,3
per,2
perceive,3
perceived,3
percent,9
percentage,2
perceptions,1
perceptive,1
pereti,1
peretti,4
perettisaid,1
perfect,1
perfection,1
perfectly,1
perform,1
performance,7
performances,6
performer,1
performers,8
performing,1
performs,1
perhaps,10
period,1
periods,1
permanent,4
permission,5
permit,1
perpetuate,1
perpetuated,1
perpetuity,1
perplexing,1
perry,1
persist,1
persistence,1
persistent,1
persistently,1
person,11
personal,7
personality,1
personand,1
persons,2
perspective,2
persuade,1
persuaded,1
persuading,1
persuasive,2
pessimistic,1
petals,1
pharaoh,1
phds,1
phenomena,2
philharmonic,4
philosopher,3
philosophical,1
philosophy,3
phone,16
phones,5
photographer,1
photographic,1
photographs,2
phrase,7
phrasing,1
physical,13
physically,1
physician,1
physics,4
physiologist,1
physiology,1
physiques,1
piano,2
pick,1
picked,1
picks,1
pickwick,7
picture,2
pictures,6
piece,3
pierre,1
piketty,1
piko,1
pile,1
pilgrim,2
piling,1
pin,1
pinpoint,1
pipe,2
pivot,1
place,13
placed,4
places,6
plague,1
plan,3
planbuilding,1
planet,5
planned,1
planning,5
plans,1
plant,8
plants,2
plateau,1
plausiblesounding,1
play,6
played,3
players,9
playing,1
plays,2
pleading,1
pleads,1
please,3
pleased,1
pleasure,2
pledging,1
plenty,4
plots,1
plump,1
plunged,1
plus,2
plymouth,2
poached,2
poblic,1
pocketbook,1
poems,1
poetic,1
poetry,3
point,12
pointed,1
pointless,1
points,69
poked,1
polarised,1
polarized,1
police,8
policies,4
policy,10
policymakers,3
politely,1
political,28
politically,1
politicalwhich,1
politicians,5
politics,10
pollan,1
polls,1
polyakov,1
polynesians,1
pooling,1
pools,1
poor,10
poorest,1
poorly,1
poplar,1
popular,1
popularity,10
popularize,1
population,8
populations,1
portraying,1
portsmouth,1
pose,1
posing,1
position,7
positions,4
positive,3
posses,1
possess,1
possessed,1
possessing,1
possession,1
possessions,1
possibilities,6
possible,11
possibly,3
post,2
postgraduate,2
posthumous,1
postmodern,1
postpone,1
posts,2
posture,2
potash,1
potential,10
potentially,1
pottery,2
poverty,3
power,22
powerful,3
powerless,1
powers,7
practical,2
practically,2
practice,6
practices,4
prada,1
praise,3
praised,1
prayers,1
prebubble,1
precede,1
precedentsetting,1
precedes,1
preceding,1
precheck,6
precious,1
precisely,8
precision,1
predatory,1
predecessor,1
predict,1
predictable,1
predicted,3
predicts,1
predominance,1
preference,2
preferences,1
pregnant,2
prejudice,1
preliminary,1
premise,1
preoccupations,1
preparation,1
prepare,1
prepared,1
preparing,1
prerequisite,1
prescriptions,1
presence,7
present,7
presented,4
presenting,2
presently,1
preserve,2
preserved,2
preserving,1
president,6
presidential,1
presidents,1
press,3
pressed,1
presses,1
pressure,26
pressures,2
prestige,2
presupposes,1
pretty,2
prevailing,3
prevalent,1
prevent,3
prevention,1
prevents,2
previous,3
previously,2
prey,1
price,7
prices,4
pricing,2
prides,1
priestly,3
priests,1
primal,1
primarily,3
primary,4
primaryschool,1
prime,1
primitive,1
princes,1
princesses,1
princeton,1
principal,2
principally,1
principle,3
principles,6
print,15
printer,1
printing,2
printouts,1
prior,2
priorities,2
prioritize,1
priority,3
prison,3
prisons,1
privacy,3
private,6
privately,1
privatesector,1
privileged,1
privileges,3
prize,7
prizegivers,2
prizes,4
prizesboth,1
probably,15
probe,1
problem,8
problemoriented,1
problems,12
problemsolving,2
problerma,1
procedurally,1
procedure,2
procedures,1
proceed,1
proceedings,1
process,20
processes,1
processor,1
procreation,1
prodded,1
produce,9
produced,2
producedotherwise,1
producers,4
produces,1
product,7
production,6
productive,2
productivity,11
productpromoting,1
products,9
profession,7
professional,13
professionalisation,1
professionalised,1
professionalism,2
professionalizing,1
professionals,1
professions,2
professionwith,1
professor,7
professors,3
professorships,1
profit,4
profitable,2
profitmaking,1
profitoriented,1
profits,4
profound,1
program,10
programs,4
progress,8
progressed,1
progressive,4
prohibit,1
prohibition,1
project,1
projection,1
projects,3
prominent,2
promised,2
promises,3
promising,1
promisingand,1
promote,7
promotes,3
promoting,6
promotion,1
prompted,1
prone,1
pronouncements,1
proof,2
propaganda,1
propagate,1
propagation,1
proper,2
properly,1
property,4
proportionality,1
proposal,1
proposed,4
prose,2
prosecution,1
prospect,4
prospects,4
prosperity,2
protect,4
protected,3
protecting,2
protection,4
protections,4
protective,1
protects,1
protein,1
protests,3
protoscience,1
proud,1
proudest,1
prove,2
proved,1
provide,8
provided,3
providers,2
provides,5
providing,3
provinces,1
proving,1
provisions,3
provocative,1
provoked,2
provokes,1
prudent,1
prudently,1
psychiatrist,1
psychological,2
psychologically,1
psychologist,1
psychology,2
ptk,3
ptks,1
puberty,1
pubic,1
pubichealth,1
public,30
publication,13
publications,2
publichealth,1
publicizing,1
publicsector,14
publish,4
published,15
publisher,2
publishers,8
publishing,9
pulitzer,1
pull,1
punch,1
punctuation,1
punishment,1
purchase,2
purchased,1
purchasing,1
pure,1
purely,2
puritan,3
puritans,2
purpose,6
purposes,2
purse,2
pursue,1
pursuing,1
pursuit,3
pursuits,2
push,1
pushed,1
put,8
puts,1
putting,2
puzzled,2
pyramid,2
pyramids,1
qualification,1
qualifications,1
qualified,2
qualities,1
quality,12
quarrel,1
quarter,2
quartercentury,1
queen,3
queens,1
quest,2
question,11
questionable,2
questioned,2
questioning,1
questions,25
quick,2
quicker,2
quickly,5
quickness,1
quit,5
quite,4
quitting,1
quo,1
quoted,3
quotes,1
race,1
raced,1
races,2
rachel,1
radar,2
radical,3
radically,1
radio,1
rage,3
railroad,1
raise,3
raised,2
raising,3
rake,1
rale,1
rallied,1
ran,2
random,3
randomly,1
range,4
ranging,1
ranked,1
rapid,1
rapidly,2
rare,2
rarely,5
rate,3
rated,1
ratethe,1
rather,23
rationalization,1
rats,1
raw,2
reach,3
reached,2
reaching,2
react,2
reacted,1
reacting,1
reaction,3
reactions,2
reactor,1
reactors,1
read,47
reader,4
readers,8
readership,1
readiness,1
reading,23
readings,1
readthey,1
ready,3
reaffirming,1
real,9
realise,2
realistic,2
reality,6
realizing,2
really,9
realpast,1
reap,1
rearing,3
reason,12
reasonable,4
reasonableness,1
reasoning,4
reasons,10
reawakened,1
rebekah,3
rebort,1
rebuild,1
recall,2
receipt,1
receive,2
received,8
receives,4
receiving,2
recent,11
recently,6
reception,1
recessing,1
recession,1
recipient,1
recipients,2
recite,1
recklessly,1
recognition,1
recognize,2
recognized,2
recognizing,1
recommend,1
recommendation,3
recommending,4
reconsider,2
reconstruct,1
reconstruction,1
record,5
recorded,4
recorder,1
recording,1
recordings,4
recordno,1
records,4
recovers,1
recovery,2
recruit,2
recruiters,1
recruiting,1
recruits,2
red,3
redefine,1
redefined,1
redefining,1
reduce,4
reduced,2
reducing,1
reese,1
reevaluate,1
refer,1
reference,6
referring,3
refers,2
reflect,5
reflected,1
reflects,1
refocus,1
reform,6
reformer,1
reforming,2
reforms,5
refrain,1
refresh,1
refreshing,1
refusal,1
refused,1
refutation,1
regain,1
regard,2
regarded,2
regarding,3
regardless,4
regards,2
regime,1
region,1
register,2
registered,1
regret,1
regrets,2
regrettable,1
regrettably,1
regular,1
regularity,1
regulated,1
regulation,1
regulations,4
regulators,4
regulatory,3
reign,1
reigning,1
reinforce,1
reinforced,1
reinforces,1
reinterpretation,1
reject,1
rejected,2
related,6
relating,1
relation,2
relationally,1
relations,3
relationship,8
relationships,4
relative,2
relatively,2
relatives,2
relaxes,1
relaxing,2
release,2
released,2
releases,1
relevant,4
reliable,2
reliance,1
relic,1
relief,1
relies,2
religion,2
religious,10
reluctant,3
rely,7
remain,3
remaining,1
remains,5
remark,1
remarkable,2
remember,5
remembering,1
reminder,2
reminds,2
remodeling,1
remold,1
remote,1
remove,1
removed,9
renaissance,1
rendered,1
renders,1
rene,1
reneging,2
renew,2
renewable,1
renewal,1
renovation,1
rent,1
reorganize,3
repeated,2
repeatedly,1
repertoire,1
replace,1
replaceable,1
replaced,4
replacement,1
reply,1
report,19
reporter,2
reporting,1
reports,1
repositories,1
represent,4
representation,1
representational,1
representative,3
representatives,1
reproducibility,1
reproductive,1
republican,2
republicans,3
reputation,7
reputations,2
requests,2
require,6
required,12
requirement,4
requirements,2
requires,9
requiring,2
rescue,2
research,44
researchas,1
researcher,1
researchers,26
resemble,1
resembled,1
reshape,1
residence,1
resist,1
resistance,3
resistant,2
resolving,1
resorts,1
resounding,1
resource,1
resources,5
respect,3
respectable,4
respected,2
respects,2
respond,3
responding,2
response,11
responses,6
responsibilities,2
responsibility,2
responsible,2
rest,1
restaurants,1
rested,2
restore,1
restored,4
restrained,1
restricted,1
restricting,1
restriction,1
restrictions,1
restrictive,2
rests,1
result,15
resulted,2
resulting,2
results,13
retail,6
retailer,1
retailers,6
retails,1
retain,2
retains,1
retreat,1
retrieval,1
retrospect,1
return,6
returned,1
returns,1
reveal,6
revealed,2
reveals,2
revelations,1
revenue,1
revenuein,1
reverse,1
review,8
reviewers,6
reviewing,3
reviews,5
revise,2
revised,2
revising,1
revisions,1
revitalizing,1
revival,3
reviving,1
revolution,1
revolutionary,2
revolutionize,1
revolves,1
reward,5
rewards,1
rewrite,1
rgyi,1
rich,3
richly,1
richness,1
rid,1
ride,1
rifling,1
right,12
rightly,1
rights,3
rigid,2
rise,4
risen,1
rises,1
rising,1
risk,8
risks,3
risky,1
ritual,1
rituals,2
rivals,2
roads,1
robert,5
roberts,2
robots,1
robust,1
role,16
roles,1
rolex,1
room,5
root,1
rooted,2
roots,2
rose,5
rosenberg,7
ross,1
rosy,1
rough,2
roughly,1
round,1
roundabout,1
roundabouts,1
rounded,1
roundtheclock,1
route,1
routine,4
routinely,1
row,3
royal,3
royals,4
rubble,1
ruin,1
ruining,1
rule,7
ruled,3
rules,15
rulesetting,1
ruling,9
rulings,1
ruling。,1
run,7
runaway,1
running,3
runs,1
runways,2
rupert,1
rural,8
rushed,1
rushing,3
russell,1
rustle,1
ruts,2
ryan,2
sacred,2
sad,2
sadly,2
sadness,1
safari,1
safe,2
safeguard,1
safely,1
safer,2
safety,2
said,15
saidthe,1
salary,1
sale,3
sales,7
saliva,1
sally,1
sammy,3
sample,2
samples,3
samuel,2
san,1
sanctions,1
sandra,2
sapiens,1
sarah,1
sarcastic,1
satire,1
satirist,1
satisfaction,1
satisfied,1
satisfy,1
saturday,1
save,2
savings,1
saw,2
say,18
saying,5
says,25
sbore,5
scale,4
scalia,2
scandals,1
scanning,1
scarcely,1
scattered,1
scenes,2
scheme,3
scholarly,2
scholars,4
scholarship,1
school,10
schoolchildren,1
schooling,1
schools,6
schumpeter,1
science,30
sciences,12
scientific,21
scientist,3
scientists,21
scold,1
scope,4
score,3
scores,1
scoring,1
scots,1
scott,1
screen,2
screeners,1
screening,2
scrutinize,1
scrutiny,4
sculpture,1
sdition,1
sea,1
seals,1
search,14
searches,2
searching,2
season,1
seasonal,1
second,9
secret,5
secrets,1
section,29
sector,7
sectors,1
secular,1
secure,5
secured,3
securing,1
security,10
sedition,2
see,9
seed,1
seeing,2
seeit,1
seek,6
seeking,4
seeks,1
seem,14
seemed,2
seemingly,2
seems,15
seen,8
segment,2
segments,12
seized,1
seldom,1
select,3
selected,4
selecting,1
selection,3
selfcentered,1
selfcontentedness,1
selfdeception,1
selfesteemconfidence,1
selfexpression,1
selfhelp,1
selfinterest,1
selfpromotion,1
selfrelianceas,1
sell,2
seller,1
selling,1
sells,1
seminar,1
senate,1
send,2
sending,2
sends,1
senior,10
sense,8
sensible,2
sensing,1
sensitive,2
sensual,1
sent,5
sentence,4
sentenced,1
sentences,8
sentiment,3
separate,3
separated,1
separately,1
separation,1
september,1
sequence,1
serially,1
series,5
serious,2
seriously,4
seriousness,1
serivce,1
sermon,1
sermons,2
servant,2
servants,2
serve,3
served,1
serves,2
service,7
services,7
serving,1
session,1
set,11
sets,3
setting,4
settings,2
settle,2
settlement,2
settlements,1
settlers,2
settles,1
seven,4
sevenday,1
seventeenth,1
seventeenthcentury,2
several,10
severe,5
sex,3
sexes,1
sexual,2
seymour,3
shakespeare,1
shakespearean,1
shaking,1
shaky,1
shall,1
shamethe,1
shape,2
shaped,2
shapes,1
shaping,1
share,8
shared,5
shareholder,2
shares,4
sharethat,1
sharing,1
sharp,2
sharpening,1
sharpness,1
shaw,2
sheds,1
sheer,1
sheet,56
sheetdo,1
sheldon,1
shelf,1
shell,1
shelter,1
shield,1
shift,1
shifts,2
ship,1
shiploads,1
ships,1
shock,3
shocking,1
shoepolish,1
shop,1
shopfloor,1
shopping,3
shore,1
shores,1
short,2
shorter,1
shorthand,1
shortly,1
shortterm,1
shouldt,1
show,12
showed,1
showing,2
shown,4
shows,17
shut,2
shuts,1
sick,1
side,2
sided,1
sift,1
sifted,1
sigh,1
sight,4
sign,9
signal,3
signaled,1
signals,1
signed,1
significance,2
significant,6
significantly,2
signify,1
signs,4
silent,1
similar,8
similarity,3
similarly,2
simonsohn,2
simonsonh,1
simple,4
simpler,1
simplification,1
simplify,1
simply,9
simulations,1
since,16
single,15
sir,1
sit,3
site,9
sitelicensing,1
sites,15
sitting,1
situation,4
situations,4
six,5
sizable,1
size,3
skeptical,4
skepticism,2
sketch,1
sketches,3
skies,1
skill,1
skilled,2
skillfully,1
skills,4
skimming,1
skindeepand,1
skip,1
skyscrapersfull,1
slackening,1
slave,5
slavery,10
slaves,10
sleep,1
slight,1
slighter,1
slightly,1
slippage,1
slow,4
slowdown,1
slower,1
slowly,1
slums,1
small,12
smaller,1
smallscale,1
smart,5
smarter,1
smell,2
smelt,1
smile,1
smiling,1
smith,1
smoke,1
smoking,1
smoothly,1
snack,1
sneak,1
sneakers,1
soaked,1
sobering,1
sobersided,1
socalled,2
social,76
socially,1
socialmedia,2
socialnews,1
socialscience,2
socialsciences,1
societies,8
society,16
societythat,1
sociologist,2
soft,2
soften,1
software,1
soho,1
sold,2
soldiers,1
sole,1
solely,3
solid,1
solidarity,1
solution,2
solutions,2
solve,1
solving,2
somehow,2
someone,4
something,7
sometimes,9
somewhat,1
son,1
sonata,1
song,1
songbirds,1
soon,3
sooner,1
soothing,1
sort,3
sorting,3
sorts,1
sought,1
soul,1
soulcrushingly,1
sound,3
source,5
sources,3
souse,1
south,4
southern,6
sovereign,1
space,3
spacecraft,1
spain,3
spainare,1
span,1
spanish,5
sparked,1
speak,3
speakers,1
speaking,2
speaks,1
special,4
specialists,2
specialization,1
specialized,2
specializing,1
species,13
specific,4
specifically,2
specify,1
spectacled,1
speculated,2
speech,2
speeded,1
spelling,2
spencer,2
spending,3
spent,2
spheres,1
spirit,4
spiritual,1
split,1
spoke,1
sponsored,1
spontaneous,1
sport,2
sports,9
sportsmen,1
spoton,1
spouse,6
spread,3
spreading,1
spreads,1
spurred,2
st,5
stability,2
stabilizing,1
stable,1
stabler,1
stage,1
stained,1
stake,1
staked,1
stakeholders,1
stand,6
standalone,1
standard,2
standardised,1
standardized,1
standards,8
standardsetters,4
standrds,1
standstill,2
star,2
starry,1
stars,1
start,9
started,4
starting,2
starving,1
state,39
stated,1
statelevel,1
statement,1
statements,2
states,28
statesmen,1
statesponsored,1
stating,2
station,1
statistical,7
statistically,1
statisticians,4
statistics,4
status,12
statute,2
statutes,2
stay,8
stayed,1
stealing,1
steep,2
steer,1
stem,1
stemming,1
stems,1
stenographer,1
step,5
steps,1
stern,1
steward,1
stick,2
sticker,1
stickiness,2
sticking,1
sticks,1
still,28
stimulus,1
stirling,1
stock,1
stonehenge,1
stood,1
stop,3
stopped,1
store,5
stored,1
storehouse,1
stores,5
stories,5
storms,2
story,6
strack,1
straight,2
straightforward,1
strain,4
strained,1
straining,1
strangers,2
strategic,2
strategy,1
streep,1
street,3
streets,1
strength,3
strengthen,1
strengthened,1
strengthening,1
strengths,1
stress,26
stressedout,1
stresses,3
stressfree,1
stressreducing,2
strict,2
stricter,1
strike,1
strikes,1
striking,1
string,2
strip,1
strive,1
strong,11
stronger,1
strongly,1
struck,2
structure,9
structures,4
structuring,1
struggle,3
struggled,1
stuck,2
student,3
students,18
studied,5
studies,10
studio,1
study,28
studying,3
stuffed,1
stunning,1
style,5
styleconscious,1
styles,1
styling,1
stylish,3
stylist,3
subconscious,2
subheading,1
subheadingsmark,1
subject,9
subjected,2
subjects,8
submission,1
submit,1
submits,2
submitted,1
subscribe,2
subscribers,2
subscription,1
subsequent,1
subsequently,1
subsidises,1
subsisted,1
substantial,2
substantially,1
substantiate,1
substitute,1
subtle,3
subway,1
succeas,1
succeed,2
succeeded,3
success,7
successful,8
successfully,2
succession,1
successive,1
sudden,3
suddenly,3
suffer,2
suffering,4
suffers,1
sufficient,3
sufficiently,1
suggest,5
suggestas,1
suggested,8
suggesting,4
suggestion,1
suggestions,1
suggests,17
suicide,1
suit,2
suitability,1
suitable,9
sum,1
summarizes,1
sums,1
sun,2
sunday,1
sunlight,1
superfluous,3
superior,1
superiority,1
superstitions,2
supervise,2
supervising,1
supplement,1
supplier,1
supplies,1
support,15
supported,3
supporters,4
supportive,3
supports,2
suppose,3
supposed,7
supposedly,1
supposing,1
suppress,1
suppresses,1
supreme,8
sure,3
surely,1
surface,2
surfacing,1
surgery,1
surpass,1
surpassing,1
surprise,3
surprised,1
surprising,1
surprisingly,3
surrounding,1
surroundings,2
survey,2
surveys,6
survival,1
survive,2
survived,3
surviving,1
susceptibility,1
susceptible,1
suspect,2
suspected,2
suspects,5
suspicion,1
suspicions,1
sustain,3
sustainability,2
sustainable,3
sustainably,1
sustained,1
swallow,1
sweater,1
swedes,1
sweeping,1
sweet,1
switch,1
swollen,1
symbol,1
symbolic,2
symbolically,1
sympathetic,1
sympathy,2
symphony,1
symptoms,1
synaptic,1
synthetic,1
system,27
systematic,3
systematically,3
systematicness,1
systems,3
szentgy,1
tackle,2
tactic,1
tag,1
tailor,1
take,25
taken,7
takes,10
taking,3
talented,1
talents,1
talk,3
talking,2
taller,3
tallest,1
tanzania,1
tap,1
tapemeasure,1
target,1
targeted,2
task,1
taste,2
tastes,2
taught,5
tax,1
taxpayer,1
taxpayers,1
teach,1
teacher,2
teachers,5
teaching,4
team,3
teamsters,2
tears,3
technical,2
technique,1
techniques,1
technological,3
technologies,5
technology,13
teenage,1
teenager,1
teenagersteenagers,1
teeth,1
teeththereby,1
telephone,1
telephonenumbersized,1
telephoneparts,1
telescope,2
telescopes,6
television,6
tell,6
telling,1
tells,1
temporarily,1
temporary,2
tempted,3
tempting,1
ten,1
tend,5
tended,1
tendency,4
tends,4
tenfamous,1
tens,1
tentative,1
tenth,1
teotihuacan,1
term,1
terminator,1
terms,2
terrain,2
terrific,1
terrifically,1
terrifying,1
territory,1
terror,1
terrorists,1
test,15
testing,15
tests,5
texas,1
text,106
texts,11
textual,2
th,10
thatand,1
thathousing,1
thcentury,1
theater,1
theatre,1
thebehavior,1
thedress,1
theme,2
themes,3
theological,1
theoretical,1
theories,1
theorised,1
theory,18
therefore,4
theseswriting,1
thesis,3
thing,7
things,16
think,19
thinker,1
thinking,12
thinks,1
thinner,2
thinness,1
third,6
thire,1
thirty,3
thomas,3
thomasagreed,1
thoroughly,1
though,24
thought,15
thoughtful,2
thoughtless,1
thoughts,3
thoughtsand,1
thousands,6
threads,1
threat,4
threatened,4
threatens,1
threats,3
three,19
threedimensional,1
threefifths,1
threeyear,2
thrift,1
thrive,1
thriving,2
throne,1
throughout,4
thus,11
tide,1
tied,1
ties,2
tightens,1
tighter,1
till,1
timber,1
time,36
timeconsuming,1
timeless,1
timelimited,1
timely,1
times,10
timescales,1
tina,1
tiny,3
tipping,2
tips,1
tissues,1
title,12
titles,1
tmt,5
today,32
toditch,1
together,11
told,1
tolerance,4
tolerant,3
tolerate,1
tolerating,2
toll,1
tomb,2
tommasini,3
tone,1
took,6
tool,1
tools,4
toothless,1
too。,1
top,12
topdown,1
topic,2
topics,2
toptieruniversity,1
tort,1
total,2
touch,1
tougher,1
tourist,1
toward,6
towards,10
tower,1
town,1
townandcountry,1
towns,2
toxic,2
toyota,3
trace,1
traceable,1
traced,2
traces,1
track,4
tracked,2
tracking,2
tracks,2
trade,7
tradition,6
traditional,9
traditionally,1
traditions,1
traffic,3
tragic,1
train,2
trained,2
training,6
trains,1
traits,3
transaction,1
transactions,1
transcendence,1
transcribing,1
transfer,1
transferableso,1
transform,1
transforms,1
transition,1
transitions,1
translate,10
translated,1
translation,11
transmissible,1
transmit,1
transmits,1
transparency,2
transplant,2
transportation,1
traps,1
travel,3
travelers,4
traveling,1
tread,1
treasurehouse,1
treat,1
treatment,1
tree,3
trees,3
tremble,1
trend,5
trends,5
trends。,1
trey,1
trial,4
trick,1
tried,2
trigger,1
trivial,2
tropicana,1
trouble,2
troubled,1
troublemakers,1
troubles,2
troupes,1
trucksis,1
true,18
truer,1
truly,2
trust,4
trusted,1
trustworthiness,1
truth,4
try,7
trying,8
tsa,6
tshirts,1
tuesday,1
tuition,2
tumblrcom,1
turbulence,1
turbulent,1
turn,8
turnarounds,1
turned,5
turning,2
turnover,1
turns,5
tutankhamun,1
twelve,1
twelveweek,1
twenty,1
twice,2
twist,2
twitter,1
two,37
twostep,2
twostepflow,2
tying,1
tylor,1
type,3
types,6
typewriter,1
typical,2
typically,3
uc,1
uk,14
uk`s,1
ukip,2
ultimate,1
ultimately,2
ultrathin,2
unable,1
unaccountably,1
unacknowledged,2
unaffected,1
unaffordable,1
unanimous,1
unattractive,1
unaware,1
unbearably,1
unbelievable,1
unbiased,1
uncanny,1
uncertain,1
uncertainty,2
unchanged,1
uncharted,1
unclean,1
unclear,2
unconditional,2
unconscious,2
unconsciously,2
unconventional,1
uncool,1
uncover,1
undercover,1
undergoing,1
undergraduate,5
undergraduates,2
underground,1
underlined,10
underlying,1
undermined,3
undermines,1
undernutrition,1
understand,8
understanding,7
understood,3
underused,1
undesirable,3
undetlined,1
undeveloped,1
undo,1
undoubted,1
undoubtedly,2
uneasy,1
uneconomic,1
unemployed,7
unemployment,4
uneven,1
unexpected,2
unfair,1
unfamiliar,2
unfashionable,1
unfavorable,1
unfeasible,1
unfocused,1
unfold,1
unfolding,1
unfolds,1
unfortunately,4
unhappy,2
unification,2
uniform,2
uniformly,1
uniforms,5
union,7
unionism,1
unionist,1
unionists,2
unionized,1
unions,12
uniqlo,1
unique,9
uniqueness,1
united,10
unity,2
universal,3
universality,3
universals,1
universe,1
universes,1
universities,9
university,19
universityadmissions,1
unjust,1
unknowable,1
unknown,2
unlearned,1
unless,10
unlike,5
unlikely,3
unmercifully,1
unnecessarily,1
unnecessary,2
unpopular,1
unpredictable,1
unpredictably,1
unpretentious,1
unrealistic,1
unreasonable,1
unrecognized,1
unreflecting,1
unrelated,5
unrepresentative,1
unseat,1
unsettled,1
unsettling,1
unsurpassed,1
unsurprisingly,1
untested,1
unusual,2
unusually,2
unworthy,1
upcoming,2
updated,1
upfront,1
upgrade,3
upheld,1
upholstered,1
upkeep,1
uplifting,1
upload,2
uploading,4
upon,6
upright,2
upset,5
upsets,2
upside,1
upstart,1
upward,1
urban,4
urge,5
urgent,3
urges,2
uri,1
us,44
usage,1
use,46
used,16
useful,2
usefulness,1
user,3
users,3
uses,1
using,8
usual,4
usually,5
us。,1
utopia,1
utterance,1
v,1
vacuum,1
vague,2
vale,1
valid,2
validity,1
validityinferences,1
valley,3
valuable,2
value,16
valued,1
values,3
valuing,1
vanish,1
vanishes,1
vanity,2
variable,1
variables,1
variations,2
varied,3
varieties,1
variety,6
various,3
vary,1
vast,3
vastly,1
vatican,1
vaux,3
vehicles,1
ventures,1
verify,2
veritable,1
vermont,12
vernon,1
version,3
versions,1
veryto,1
vessels,2
veteran,1
veto,1
via,1
vibrant,1
vickery,1
victim,1
victims,1
victoria,1
victory,2
vicwardian,1
view,18
viewed,5
viewpoints,1
views,1
vigorously,1
villages,2
violate,1
violated,1
violates,1
violence,2
violent,1
virgin,1
virginia,2
virtual,1
virtually,2
virtuosity,1
virtuous,1
virus,1
visibility,1
visible,3
visibly,1
vision,3
visionaries,1
visions,1
visit,2
vital,1
vocal,1
voice,1
volcano,1
volume,1
volumes,1
voluntarily,1
voluntary,1
volunteers,2
vote,3
voted,1
voter,1
voters,1
votes,2
voting,1
voyage,1
vs,1
vulnerable,1
w,1
wages,1
wait,2
waiting,1
wake,1
walk,1
walker,1
walking,2
wall,2
wallet,2
wanderings,1
want,16
wanted,7
wants,3
war,7
ward,1
wardrobe,1
warehouse,1
warm,1
warms,1
warned,1
warning,1
warnings,1
warrant,5
warren,1
warriors,1
wash,1
washington,8
waspwaist,1
waste,3
wasted,2
wastedthe,1
wasteful,1
watch,1
watchers,2
watching,1
water,2
way,37
ways,16
wcbsites,1
weak,2
weakened,2
weakening,1
weakens,1
weaker,1
weakness,2
wealth,8
wealthy,3
weapons,1
wearandtear,1
wearing,1
wears,1
weaver,1
web,3
webbased,2
webbing,1
websites,1
wedding,1
week,8
weekly,2
weeks,5
wegner,1
weight,1
welcome,3
welcomed,1
welfare,2
well,23
wellbeing,7
wellconnected,1
welleducated,2
wellenforced,2
wellheeled,1
wellorchestrated,1
wellpaid,1
went,6
west,2
western,2
whatever,4
whenever,1
whereas,3
wherever,1
whether,12
whispered,1
white,3
whole,3
wholesale,8
wholesalers,2
wholesaling,3
wholly,3
whose,4
wide,4
widely,7
widespread,6
wiencek,1
wife,2
wilderness,1
willfully,1
william,3
willing,5
willumstad,1
wilt,2
winder,1
window,2
windows,2
winfreywhose,1
winter,1
winthrop,1
winwin,1
wisconsin,2
wisdom,2
wise,2
wisely,1
wish,3
wishes,2
wistful,1
wit,1
withdraw,1
withdrawn,2
withhold,1
within,13
without,22
withstand,1
witness,1
wo,1
woke,1
woman,3
women,19
wonder,8
wonders,1
woodcuts,1
woods,1
word,24
worded,1
wordorder,1
words,29
wordsworth,2
wordy,1
wore,1
work,38
workers,10
workforce,6
workforces,1
workhouse,1
working,14
workload,1
workouts,1
workplace,1
works,6
workstations,1
world,56
world`s,1
worldly,1
worldrenowned,1
worldwide,3
worn,2
worrying,1
worse,2
worshiped,1
worst,2
worth,7
worthless,1
worthwhile,2
wotse,1
would,71
wouldbe,2
wound,1
wounding,1
woven,1
wow,2
wrapping,1
wright,1
wrists,1
write,48
writer,3
writers,9
writes,2
writing,19
writings,3
writing。,1
written,12
wrong,8
wronged,1
wrote,9
würzburg,1
yale,1
yankee,2
year,20
yearabout,1
yearmore,1
yearning,1
years,37
yehuda,4
yes,2
yet,27
yield,1
york,6
youmaybe,2
young,14
youngsters,1
zara,1
zeal,1
zero,1
zimmer,1
′″,2
